{
  "income_numeric->ci_gap": {
    "ate": 4.052667335034372,
    "ate_se": 0.16835775129311945,
    "ate_ci_lower": 3.722686142499858,
    "ate_ci_upper": 4.382648527568886,
    "ate_p_value": 4.940837980228789e-128,
    "cate_mean": 4.3181374910577635,
    "cate_std": 0.09998852422393988,
    "cate_min": 4.180456645664353,
    "cate_max": 4.463442609579553,
    "feature_importance": [
      [
        "family_burden",
        0.478494623655914
      ],
      [
        "age",
        0.45698924731182794
      ],
      [
        "city_tier_code",
        0.053763440860215055
      ],
      [
        "has_medical",
        0.010752688172043012
      ],
      [
        "has_ci",
        0.0
      ],
      [
        "has_life",
        0.0
      ]
    ]
  },
  "family_burden->life_gap": {
    "ate": 106245.73089265177,
    "ate_se": 8732.814447519988,
    "ate_ci_lower": 89129.4145755126,
    "ate_ci_upper": 123362.04720979095,
    "ate_p_value": 4.70108248458262e-34,
    "cate_mean": 123719.61523867221,
    "cate_std": 25560.417329972617,
    "cate_min": 93435.26764249319,
    "cate_max": 154255.972051208,
    "feature_importance": [
      [
        "age",
        0.617801047120419
      ],
      [
        "income_numeric",
        0.35078534031413616
      ],
      [
        "has_medical",
        0.015706806282722516
      ],
      [
        "city_tier_code",
        0.015706806282722516
      ],
      [
        "has_ci",
        0.0
      ],
      [
        "has_life",
        0.0
      ]
    ]
  },
  "city_tier_code->medical_gap": {
    "ate": 24927.526872064624,
    "ate_se": 3020.3895785850536,
    "ate_ci_lower": 19007.56329803792,
    "ate_ci_upper": 30847.490446091328,
    "ate_p_value": 1.5435934627992857e-16,
    "cate_mean": 21388.135384572073,
    "cate_std": 2830.288446023972,
    "cate_min": 17154.98101799527,
    "cate_max": 25515.08241813304,
    "feature_importance": [
      [
        "age",
        0.413265306122449
      ],
      [
        "income_numeric",
        0.2755102040816326
      ],
      [
        "family_burden",
        0.27040816326530615
      ],
      [
        "has_medical",
        0.04081632653061224
      ],
      [
        "has_ci",
        0.0
      ],
      [
        "has_life",
        0.0
      ]
    ]
  }
}